{"Health":70,"MaxHealth":100,"Position":{"x":31.157855987548829,"y":3.2257080078125,"z":0.0},"Origin":{"x":29.0,"y":9.0,"z":0.0}}