{"Health":60,"MaxHealth":100,"Position":{"x":10.579792976379395,"y":24.279056549072267,"z":0.0},"Origin":{"x":4.0,"y":16.0,"z":0.0}}