{"Health":40,"MaxHealth":100,"Position":{"x":9.246527671813965,"y":38.235294342041019,"z":0.0},"Origin":{"x":4.0,"y":16.0,"z":0.0}}